,basDt,crno,bizYear,fnclDcd,fnclDcdNm,acitId,acitNm,thqrAcitAmt,crtmAcitAmt,lsqtAcitAmt,pvtrAcitAmt,bpvtrAcitAmt,curCd
0,20151231,1301110006246,2015,FS_ifrs_ConsolidatedMember,연결재무제표  [member],ifrs_Assets,자산총계,0,242179521000000,0,230422958000000,214075018000000,KRW
1,20151231,1301110006246,2015,FS_ifrs_ConsolidatedMember,연결재무제표  [member],ifrs_CurrentAssets,유동자산,0,124814725000000,0,115146026000000,110760271000000,KRW
2,20151231,1301110006246,2015,FS_ifrs_ConsolidatedMember,연결재무제표  [member],ifrs_CurrentLiabilities,유동부채,0,50502909000000,0,52013913000000,51315409000000,KRW
3,20151231,1301110006246,2015,FS_ifrs_ConsolidatedMember,연결재무제표  [member],ifrs_Equity,자본총계,0,179059805000000,0,168088188000000,150016010000000,KRW
4,20151231,1301110006246,2015,FS_ifrs_ConsolidatedMember,연결재무제표  [member],ifrs_Liabilities,부채총계,0,63119716000000,0,62334770000000,64059008000000,KRW
5,20151231,1301110006246,2015,FS_ifrs_ConsolidatedMember,연결재무제표  [member],ifrs_NoncurrentAssets,비유동자산,0,117364796000000,0,115276932000000,103314747000000,KRW
6,20151231,1301110006246,2015,FS_ifrs_ConsolidatedMember,연결재무제표  [member],ifrs_NoncurrentLiabilities,비유동부채,0,12616807000000,0,10320857000000,12743599000000,KRW
7,20151231,1301110006246,2015,FS_ifrs_ConsolidatedMember,연결재무제표  [member],ifrs_RetainedEarnings,이익잉여금(결손금),0,185132014000000,0,169529604000000,148600282000000,KRW
8,20151231,1301110006246,2015,FS_ifrs_SeparateMember,별도재무제표 [member],ifrs_Assets,자산총계,0,168969630000000,0,164060583000000,154825957000000,KRW
9,20151231,1301110006246,2015,FS_ifrs_SeparateMember,별도재무제표 [member],ifrs_CurrentAssets,유동자산,0,67002055000000,0,62054773000000,60603694000000,KRW
10,20151231,1301110006246,2015,FS_ifrs_SeparateMember,별도재무제표 [member],ifrs_CurrentLiabilities,유동부채,0,29630488000000,0,28208638000000,27597944000000,KRW
11,20151231,1301110006246,2015,FS_ifrs_SeparateMember,별도재무제표 [member],ifrs_Equity,자본총계,0,136428255000000,0,132677075000000,122370767000000,KRW
12,20151231,1301110006246,2015,FS_ifrs_SeparateMember,별도재무제표 [member],ifrs_Liabilities,부채총계,0,32541375000000,0,31383508000000,32455190000000,KRW
13,20151231,1301110006246,2015,FS_ifrs_SeparateMember,별도재무제표 [member],ifrs_NoncurrentAssets,비유동자산,0,101967575000000,0,102005810000000,94222263000000,KRW
14,20151231,1301110006246,2015,FS_ifrs_SeparateMember,별도재무제표 [member],ifrs_NoncurrentLiabilities,비유동부채,0,2910887000000,0,3174870000000,4857246000000,KRW
15,20151231,1301110006246,2015,FS_ifrs_SeparateMember,별도재무제표 [member],ifrs_RetainedEarnings,이익잉여금(결손금),0,143629177000000,0,134464189000000,122029419000000,KRW
16,20161231,1301110006246,2016,FS_ifrs_ConsolidatedMember,연결재무제표  [member],ifrs_Assets,자산총계,0,262174324000000,0,242179521000000,230422958000000,KRW
17,20161231,1301110006246,2016,FS_ifrs_ConsolidatedMember,연결재무제표  [member],ifrs_CurrentAssets,유동자산,0,141429704000000,0,124814725000000,115146026000000,KRW
18,20161231,1301110006246,2016,FS_ifrs_ConsolidatedMember,연결재무제표  [member],ifrs_CurrentLiabilities,유동부채,0,54704095000000,0,50502909000000,52013913000000,KRW
19,20161231,1301110006246,2016,FS_ifrs_ConsolidatedMember,연결재무제표  [member],ifrs_Equity,자본총계,0,192963033000000,0,179059805000000,168088188000000,KRW
20,20161231,1301110006246,2016,FS_ifrs_ConsolidatedMember,연결재무제표  [member],ifrs_Liabilities,부채총계,0,69211291000000,0,63119716000000,62334770000000,KRW
21,20161231,1301110006246,2016,FS_ifrs_ConsolidatedMember,연결재무제표  [member],ifrs_NoncurrentAssets,비유동자산,0,120744620000000,0,117364796000000,115276932000000,KRW
22,20161231,1301110006246,2016,FS_ifrs_ConsolidatedMember,연결재무제표  [member],ifrs_NoncurrentLiabilities,비유동부채,0,14507196000000,0,12616807000000,10320857000000,KRW
23,20161231,1301110006246,2016,FS_ifrs_ConsolidatedMember,연결재무제표  [member],ifrs_RetainedEarnings,이익잉여금(결손금),0,193086317000000,0,185132014000000,169529604000000,KRW
24,20161231,1301110006246,2016,FS_ifrs_SeparateMember,별도재무제표 [member],ifrs_Assets,자산총계,0,174802959000000,0,168969630000000,164060583000000,KRW
25,20161231,1301110006246,2016,FS_ifrs_SeparateMember,별도재무제표 [member],ifrs_CurrentAssets,유동자산,0,69981128000000,0,67002055000000,62054773000000,KRW
26,20161231,1301110006246,2016,FS_ifrs_SeparateMember,별도재무제표 [member],ifrs_CurrentLiabilities,유동부채,0,34076122000000,0,29630488000000,28208638000000,KRW
27,20161231,1301110006246,2016,FS_ifrs_SeparateMember,별도재무제표 [member],ifrs_Equity,자본총계,0,137546762000000,0,136428255000000,132677075000000,KRW
28,20161231,1301110006246,2016,FS_ifrs_SeparateMember,별도재무제표 [member],ifrs_Liabilities,부채총계,0,37256197000000,0,32541375000000,31383508000000,KRW
29,20161231,1301110006246,2016,FS_ifrs_SeparateMember,별도재무제표 [member],ifrs_NoncurrentAssets,비유동자산,0,104821831000000,0,101967575000000,102005810000000,KRW
30,20161231,1301110006246,2016,FS_ifrs_SeparateMember,별도재무제표 [member],ifrs_NoncurrentLiabilities,비유동부채,0,3180075000000,0,2910887000000,3174870000000,KRW
31,20161231,1301110006246,2016,FS_ifrs_SeparateMember,별도재무제표 [member],ifrs_RetainedEarnings,이익잉여금(결손금),0,140747574000000,0,143629177000000,134464189000000,KRW
32,20171231,1301110006246,2017,FS_ifrs_ConsolidatedMember,연결재무제표 [member],ifrs_Assets,자산총계,0,301752090000000,0,262174324000000,242179521000000,KRW
33,20171231,1301110006246,2017,FS_ifrs_ConsolidatedMember,연결재무제표 [member],ifrs_CurrentAssets,유동자산,0,146982464000000,0,141429704000000,124814725000000,KRW
34,20171231,1301110006246,2017,FS_ifrs_ConsolidatedMember,연결재무제표 [member],ifrs_CurrentLiabilities,유동부채,0,67175114000000,0,54704095000000,50502909000000,KRW
35,20171231,1301110006246,2017,FS_ifrs_ConsolidatedMember,연결재무제표 [member],ifrs_Equity,자본총계,0,214491428000000,0,192963033000000,179059805000000,KRW
36,20171231,1301110006246,2017,FS_ifrs_ConsolidatedMember,연결재무제표 [member],ifrs_IssuedCapital,자본금,0,897514000000,0,897514000000,897514000000,KRW
37,20171231,1301110006246,2017,FS_ifrs_ConsolidatedMember,연결재무제표 [member],ifrs_Liabilities,부채총계,0,87260662000000,0,69211291000000,63119716000000,KRW
38,20171231,1301110006246,2017,FS_ifrs_ConsolidatedMember,연결재무제표 [member],ifrs_NoncurrentAssets,비유동자산,0,154769626000000,0,120744620000000,117364796000000,KRW
39,20171231,1301110006246,2017,FS_ifrs_ConsolidatedMember,연결재무제표 [member],ifrs_NoncurrentLiabilities,비유동부채,0,20085548000000,0,14507196000000,12616807000000,KRW
40,20171231,1301110006246,2017,FS_ifrs_ConsolidatedMember,연결재무제표 [member],ifrs_RetainedEarnings,이익잉여금(결손금),0,215811200000000,0,193086317000000,185132014000000,KRW
41,20171231,1301110006246,2017,FS_ifrs_SeparateMember,별도재무제표 [member],ifrs_Assets,자산총계,0,198241360000000,0,174802959000000,168969630000000,KRW
42,20171231,1301110006246,2017,FS_ifrs_SeparateMember,별도재무제표 [member],ifrs_CurrentAssets,유동자산,0,70155189000000,0,69981128000000,67002055000000,KRW
43,20171231,1301110006246,2017,FS_ifrs_SeparateMember,별도재무제표 [member],ifrs_CurrentLiabilities,유동부채,0,44495084000000,0,34076122000000,29630488000000,KRW
44,20171231,1301110006246,2017,FS_ifrs_SeparateMember,별도재무제표 [member],ifrs_Equity,자본총계,0,151569775000000,0,137546762000000,136428255000000,KRW
45,20171231,1301110006246,2017,FS_ifrs_SeparateMember,별도재무제표 [member],ifrs_IssuedCapital,자본금,0,897514000000,0,897514000000,897514000000,KRW
46,20171231,1301110006246,2017,FS_ifrs_SeparateMember,별도재무제표 [member],ifrs_Liabilities,부채총계,0,46671585000000,0,37256197000000,32541375000000,KRW
47,20171231,1301110006246,2017,FS_ifrs_SeparateMember,별도재무제표 [member],ifrs_NoncurrentAssets,비유동자산,0,128086171000000,0,104821831000000,101967575000000,KRW
48,20171231,1301110006246,2017,FS_ifrs_SeparateMember,별도재무제표 [member],ifrs_NoncurrentLiabilities,비유동부채,0,2176501000000,0,3180075000000,2910887000000,KRW
49,20171231,1301110006246,2017,FS_ifrs_SeparateMember,별도재무제표 [member],ifrs_RetainedEarnings,이익잉여금(결손금),0,150928724000000,0,140747574000000,143629177000000,KRW
50,20181231,1301110006246,2018,FS_ifrs_ConsolidatedMember,연결재무제표 [member],ifrs_Assets,자산총계,0,339357244000000,0,301752090000000,262174324000000,KRW
51,20181231,1301110006246,2018,FS_ifrs_ConsolidatedMember,연결재무제표 [member],ifrs_CurrentAssets,유동자산,0,174697424000000,0,146982464000000,141429704000000,KRW
52,20181231,1301110006246,2018,FS_ifrs_ConsolidatedMember,연결재무제표 [member],ifrs_CurrentLiabilities,유동부채,0,69081510000000,0,67175114000000,54704095000000,KRW
53,20181231,1301110006246,2018,FS_ifrs_ConsolidatedMember,연결재무제표 [member],ifrs_Equity,자본총계,0,247753177000000,0,214491428000000,192963033000000,KRW
54,20181231,1301110006246,2018,FS_ifrs_ConsolidatedMember,연결재무제표 [member],ifrs_IssuedCapital,자본금,0,897514000000,0,897514000000,897514000000,KRW
55,20181231,1301110006246,2018,FS_ifrs_ConsolidatedMember,연결재무제표 [member],ifrs_Liabilities,부채총계,0,91604067000000,0,87260662000000,69211291000000,KRW
56,20181231,1301110006246,2018,FS_ifrs_ConsolidatedMember,연결재무제표 [member],ifrs_NoncurrentAssets,비유동자산,0,164659820000000,0,154769626000000,120744620000000,KRW
57,20181231,1301110006246,2018,FS_ifrs_ConsolidatedMember,연결재무제표 [member],ifrs_NoncurrentLiabilities,비유동부채,0,22522557000000,0,20085548000000,14507196000000,KRW
58,20181231,1301110006246,2018,FS_ifrs_ConsolidatedMember,연결재무제표 [member],ifrs_RetainedEarnings,이익잉여금,0,242698956000000,0,215811200000000,193086317000000,KRW
59,20181231,1301110006246,2018,FS_ifrs_SeparateMember,별도재무제표 [member],ifrs_Assets,자산총계,0,219021357000000,0,198241360000000,174802959000000,KRW
60,20181231,1301110006246,2018,FS_ifrs_SeparateMember,별도재무제표 [member],ifrs_CurrentAssets,유동자산,0,80039455000000,0,70155189000000,69981128000000,KRW
61,20181231,1301110006246,2018,FS_ifrs_SeparateMember,별도재무제표 [member],ifrs_CurrentLiabilities,유동부채,0,43145053000000,0,44495084000000,34076122000000,KRW
62,20181231,1301110006246,2018,FS_ifrs_SeparateMember,별도재무제표 [member],ifrs_Equity,자본총계,0,172988125000000,0,151569775000000,137546762000000,KRW
63,20181231,1301110006246,2018,FS_ifrs_SeparateMember,별도재무제표 [member],ifrs_IssuedCapital,자본금,0,897514000000,0,897514000000,897514000000,KRW
64,20181231,1301110006246,2018,FS_ifrs_SeparateMember,별도재무제표 [member],ifrs_Liabilities,부채총계,0,46033232000000,0,46671585000000,37256197000000,KRW
65,20181231,1301110006246,2018,FS_ifrs_SeparateMember,별도재무제표 [member],ifrs_NoncurrentAssets,비유동자산,0,138981902000000,0,128086171000000,104821831000000,KRW
66,20181231,1301110006246,2018,FS_ifrs_SeparateMember,별도재무제표 [member],ifrs_NoncurrentLiabilities,비유동부채,0,2888179000000,0,2176501000000,3180075000000,KRW
67,20181231,1301110006246,2018,FS_ifrs_SeparateMember,별도재무제표 [member],ifrs_RetainedEarnings,이익잉여금,0,166555532000000,0,150928724000000,140747574000000,KRW
68,20191231,1301110006246,2019,FS_ifrs-full_ConsolidatedMember,연결재무제표 [member],ifrs-full_Assets,자산총계,0,352564497000000,0,339357244000000,301752090000000,KRW
69,20191231,1301110006246,2019,FS_ifrs-full_ConsolidatedMember,연결재무제표 [member],ifrs-full_CurrentAssets,유동자산,0,181385260000000,0,174697424000000,146982464000000,KRW
70,20191231,1301110006246,2019,FS_ifrs-full_ConsolidatedMember,연결재무제표 [member],ifrs-full_CurrentLiabilities,유동부채,0,63782764000000,0,69081510000000,67175114000000,KRW
71,20191231,1301110006246,2019,FS_ifrs-full_ConsolidatedMember,연결재무제표 [member],ifrs-full_Equity,자본총계,0,262880421000000,0,247753177000000,214491428000000,KRW
72,20191231,1301110006246,2019,FS_ifrs-full_ConsolidatedMember,연결재무제표 [member],ifrs-full_IssuedCapital,자본금,0,897514000000,0,897514000000,897514000000,KRW
73,20191231,1301110006246,2019,FS_ifrs-full_ConsolidatedMember,연결재무제표 [member],ifrs-full_Liabilities,부채총계,0,89684076000000,0,91604067000000,87260662000000,KRW
74,20191231,1301110006246,2019,FS_ifrs-full_ConsolidatedMember,연결재무제표 [member],ifrs-full_NoncurrentAssets,비유동자산,0,171179237000000,0,164659820000000,154769626000000,KRW
75,20191231,1301110006246,2019,FS_ifrs-full_ConsolidatedMember,연결재무제표 [member],ifrs-full_NoncurrentLiabilities,비유동부채,0,25901312000000,0,22522557000000,20085548000000,KRW
76,20191231,1301110006246,2019,FS_ifrs-full_ConsolidatedMember,연결재무제표 [member],ifrs-full_RetainedEarnings,이익잉여금(결손금),0,254582894000000,0,242698956000000,215811200000000,KRW
77,20191231,1301110006246,2019,FS_ifrs-full_SeparateMember,별도재무제표 [member],ifrs-full_Assets,자산총계,0,216180920000000,0,219021357000000,198241360000000,KRW
78,20191231,1301110006246,2019,FS_ifrs-full_SeparateMember,별도재무제표 [member],ifrs-full_CurrentAssets,유동자산,0,72659080000000,0,80039455000000,70155189000000,KRW
79,20191231,1301110006246,2019,FS_ifrs-full_SeparateMember,별도재무제표 [member],ifrs-full_CurrentLiabilities,유동부채,0,36237164000000,0,43145053000000,44495084000000,KRW
80,20191231,1301110006246,2019,FS_ifrs-full_SeparateMember,별도재무제표 [member],ifrs-full_Equity,자본총계,0,177870247000000,0,172988125000000,151569775000000,KRW
81,20191231,1301110006246,2019,FS_ifrs-full_SeparateMember,별도재무제표 [member],ifrs-full_IssuedCapital,자본금,0,897514000000,0,897514000000,897514000000,KRW
82,20191231,1301110006246,2019,FS_ifrs-full_SeparateMember,별도재무제표 [member],ifrs-full_Liabilities,부채총계,0,38310673000000,0,46033232000000,46671585000000,KRW
83,20191231,1301110006246,2019,FS_ifrs-full_SeparateMember,별도재무제표 [member],ifrs-full_NoncurrentAssets,비유동자산,0,143521840000000,0,138981902000000,128086171000000,KRW
84,20191231,1301110006246,2019,FS_ifrs-full_SeparateMember,별도재무제표 [member],ifrs-full_NoncurrentLiabilities,비유동부채,0,2073509000000,0,2888179000000,2176501000000,KRW
85,20191231,1301110006246,2019,FS_ifrs-full_SeparateMember,별도재무제표 [member],ifrs-full_RetainedEarnings,이익잉여금(결손금),0,172288326000000,0,166555532000000,150928724000000,KRW
86,20201231,1301110006246,2020,FS_ifrs-full_ConsolidatedMember,연결재무제표 [member],ifrs-full_Assets,자산총계,0,378235718000000,0,352564497000000,339357244000000,KRW
87,20201231,1301110006246,2020,FS_ifrs-full_ConsolidatedMember,연결재무제표 [member],ifrs-full_CurrentAssets,유동자산,0,198215579000000,0,181385260000000,174697424000000,KRW
88,20201231,1301110006246,2020,FS_ifrs-full_ConsolidatedMember,연결재무제표 [member],ifrs-full_CurrentLiabilities,유동부채,0,75604351000000,0,63782764000000,69081510000000,KRW
89,20201231,1301110006246,2020,FS_ifrs-full_ConsolidatedMember,연결재무제표 [member],ifrs-full_Equity,자본총계,0,275948016000000,0,262880421000000,247753177000000,KRW
90,20201231,1301110006246,2020,FS_ifrs-full_ConsolidatedMember,연결재무제표 [member],ifrs-full_IssuedCapital,자본금,0,897514000000,0,897514000000,897514000000,KRW
91,20201231,1301110006246,2020,FS_ifrs-full_ConsolidatedMember,연결재무제표 [member],ifrs-full_Liabilities,부채총계,0,102287702000000,0,89684076000000,91604067000000,KRW
92,20201231,1301110006246,2020,FS_ifrs-full_ConsolidatedMember,연결재무제표 [member],ifrs-full_NoncurrentAssets,비유동자산,0,180020139000000,0,171179237000000,164659820000000,KRW
93,20201231,1301110006246,2020,FS_ifrs-full_ConsolidatedMember,연결재무제표 [member],ifrs-full_NoncurrentLiabilities,비유동부채,0,26683351000000,0,25901312000000,22522557000000,KRW
94,20201231,1301110006246,2020,FS_ifrs-full_ConsolidatedMember,연결재무제표 [member],ifrs-full_RetainedEarnings,이익잉여금(결손금),0,271068211000000,0,254582894000000,242698956000000,KRW
95,20201231,1301110006246,2020,FS_ifrs-full_SeparateMember,별도재무제표 [member],ifrs-full_Assets,자산총계,0,229664427000000,0,216180920000000,219021357000000,KRW
96,20201231,1301110006246,2020,FS_ifrs-full_SeparateMember,별도재무제표 [member],ifrs-full_CurrentAssets,유동자산,0,73798549000000,0,72659080000000,80039455000000,KRW
97,20201231,1301110006246,2020,FS_ifrs-full_SeparateMember,별도재무제표 [member],ifrs-full_CurrentLiabilities,유동부채,0,44412904000000,0,36237164000000,43145053000000,KRW
98,20201231,1301110006246,2020,FS_ifrs-full_SeparateMember,별도재무제표 [member],ifrs-full_Equity,자본총계,0,183316724000000,0,177870247000000,172988125000000,KRW
99,20201231,1301110006246,2020,FS_ifrs-full_SeparateMember,별도재무제표 [member],ifrs-full_IssuedCapital,자본금,0,897514000000,0,897514000000,897514000000,KRW
100,20201231,1301110006246,2020,FS_ifrs-full_SeparateMember,별도재무제표 [member],ifrs-full_Liabilities,부채총계,0,46347703000000,0,38310673000000,46033232000000,KRW
101,20201231,1301110006246,2020,FS_ifrs-full_SeparateMember,별도재무제표 [member],ifrs-full_NoncurrentAssets,비유동자산,0,155865878000000,0,143521840000000,138981902000000,KRW
102,20201231,1301110006246,2020,FS_ifrs-full_SeparateMember,별도재무제표 [member],ifrs-full_NoncurrentLiabilities,비유동부채,0,1934799000000,0,2073509000000,2888179000000,KRW
103,20201231,1301110006246,2020,FS_ifrs-full_SeparateMember,별도재무제표 [member],ifrs-full_RetainedEarnings,이익잉여금(결손금),0,178284102000000,0,172288326000000,166555532000000,KRW
104,20211231,1301110006246,2021,FS_ifrs-full_ConsolidatedMember,연결재무제표 [member],ifrs-full_Assets,자산총계,0,426621158000000,0,378235718000000,352564497000000,KRW
105,20211231,1301110006246,2021,FS_ifrs-full_ConsolidatedMember,연결재무제표 [member],ifrs-full_CurrentAssets,유동자산,0,218163185000000,0,198215579000000,181385260000000,KRW
106,20211231,1301110006246,2021,FS_ifrs-full_ConsolidatedMember,연결재무제표 [member],ifrs-full_CurrentLiabilities,유동부채,0,88117133000000,0,75604351000000,63782764000000,KRW
107,20211231,1301110006246,2021,FS_ifrs-full_ConsolidatedMember,연결재무제표 [member],ifrs-full_Equity,자본총계,0,304899931000000,0,275948016000000,262880421000000,KRW
108,20211231,1301110006246,2021,FS_ifrs-full_ConsolidatedMember,연결재무제표 [member],ifrs-full_IssuedCapital,자본금,0,897514000000,0,897514000000,897514000000,KRW
109,20211231,1301110006246,2021,FS_ifrs-full_ConsolidatedMember,연결재무제표 [member],ifrs-full_Liabilities,부채총계,0,121721227000000,0,102287702000000,89684076000000,KRW
110,20211231,1301110006246,2021,FS_ifrs-full_ConsolidatedMember,연결재무제표 [member],ifrs-full_NoncurrentAssets,비유동자산,0,208457973000000,0,180020139000000,171179237000000,KRW
111,20211231,1301110006246,2021,FS_ifrs-full_ConsolidatedMember,연결재무제표 [member],ifrs-full_NoncurrentLiabilities,비유동부채,0,33604094000000,0,26683351000000,25901312000000,KRW
112,20211231,1301110006246,2021,FS_ifrs-full_ConsolidatedMember,연결재무제표 [member],ifrs-full_RetainedEarnings,이익잉여금(결손금),0,293064763000000,0,271068211000000,254582894000000,KRW
113,20211231,1301110006246,2021,FS_ifrs-full_SeparateMember,별도재무제표 [member],ifrs-full_Assets,자산총계,0,251112184000000,0,229664427000000,216180920000000,KRW
114,20211231,1301110006246,2021,FS_ifrs-full_SeparateMember,별도재무제표 [member],ifrs-full_CurrentAssets,유동자산,0,73553416000000,0,73798549000000,72659080000000,KRW
115,20211231,1301110006246,2021,FS_ifrs-full_SeparateMember,별도재무제표 [member],ifrs-full_CurrentLiabilities,유동부채,0,53067303000000,0,44412904000000,36237164000000,KRW
116,20211231,1301110006246,2021,FS_ifrs-full_SeparateMember,별도재무제표 [member],ifrs-full_Equity,자본총계,0,193193732000000,0,183316724000000,177870247000000,KRW
117,20211231,1301110006246,2021,FS_ifrs-full_SeparateMember,별도재무제표 [member],ifrs-full_IssuedCapital,자본금,0,897514000000,0,897514000000,897514000000,KRW
118,20211231,1301110006246,2021,FS_ifrs-full_SeparateMember,별도재무제표 [member],ifrs-full_Liabilities,부채총계,0,57918452000000,0,46347703000000,38310673000000,KRW
119,20211231,1301110006246,2021,FS_ifrs-full_SeparateMember,별도재무제표 [member],ifrs-full_NoncurrentAssets,비유동자산,0,177558768000000,0,155865878000000,143521840000000,KRW
120,20211231,1301110006246,2021,FS_ifrs-full_SeparateMember,별도재무제표 [member],ifrs-full_NoncurrentLiabilities,비유동부채,0,4851149000000,0,1934799000000,2073509000000,KRW
121,20211231,1301110006246,2021,FS_ifrs-full_SeparateMember,별도재무제표 [member],ifrs-full_RetainedEarnings,이익잉여금(결손금),0,188774335000000,0,178284102000000,172288326000000,KRW
122,20221231,1301110006246,2022,FS_ifrs-full_ConsolidatedMember,연결재무제표 [member],ifrs-full_Assets,자산총계,0,448424507000000,0,426621158000000,378235718000000,KRW
123,20221231,1301110006246,2022,FS_ifrs-full_ConsolidatedMember,연결재무제표 [member],ifrs-full_CurrentAssets,유동자산,0,218470581000000,0,218163185000000,198215579000000,KRW
124,20221231,1301110006246,2022,FS_ifrs-full_ConsolidatedMember,연결재무제표 [member],ifrs-full_CurrentLiabilities,유동부채,0,78344852000000,0,88117133000000,75604351000000,KRW
125,20221231,1301110006246,2022,FS_ifrs-full_ConsolidatedMember,연결재무제표 [member],ifrs-full_Equity,자본총계,0,354749604000000,0,304899931000000,275948016000000,KRW
126,20221231,1301110006246,2022,FS_ifrs-full_ConsolidatedMember,연결재무제표 [member],ifrs-full_IssuedCapital,자본금,0,897514000000,0,897514000000,897514000000,KRW
127,20221231,1301110006246,2022,FS_ifrs-full_ConsolidatedMember,연결재무제표 [member],ifrs-full_Liabilities,부채총계,0,93674903000000,0,121721227000000,102287702000000,KRW
128,20221231,1301110006246,2022,FS_ifrs-full_ConsolidatedMember,연결재무제표 [member],ifrs-full_NoncurrentAssets,비유동자산,0,229953926000000,0,208457973000000,180020139000000,KRW
129,20221231,1301110006246,2022,FS_ifrs-full_ConsolidatedMember,연결재무제표 [member],ifrs-full_NoncurrentLiabilities,비유동부채,0,15330051000000,0,33604094000000,26683351000000,KRW
130,20221231,1301110006246,2022,FS_ifrs-full_ConsolidatedMember,연결재무제표 [member],ifrs-full_RetainedEarnings,이익잉여금(결손금),0,337946407000000,0,293064763000000,271068211000000,KRW
131,20221231,1301110006246,2022,FS_ifrs-full_SeparateMember,별도재무제표 [member],ifrs-full_Assets,자산총계,0,260083750000000,0,251112184000000,229664427000000,KRW
132,20221231,1301110006246,2022,FS_ifrs-full_SeparateMember,별도재무제표 [member],ifrs-full_CurrentAssets,유동자산,0,59062658000000,0,73553416000000,73798549000000,KRW
133,20221231,1301110006246,2022,FS_ifrs-full_SeparateMember,별도재무제표 [member],ifrs-full_CurrentLiabilities,유동부채,0,46086047000000,0,53067303000000,44412904000000,KRW
134,20221231,1301110006246,2022,FS_ifrs-full_SeparateMember,별도재무제표 [member],ifrs-full_Equity,자본총계,0,209416191000000,0,193193732000000,183316724000000,KRW
135,20221231,1301110006246,2022,FS_ifrs-full_SeparateMember,별도재무제표 [member],ifrs-full_IssuedCapital,자본금,0,897514000000,0,897514000000,897514000000,KRW
136,20221231,1301110006246,2022,FS_ifrs-full_SeparateMember,별도재무제표 [member],ifrs-full_Liabilities,부채총계,0,50667559000000,0,57918452000000,46347703000000,KRW
137,20221231,1301110006246,2022,FS_ifrs-full_SeparateMember,별도재무제표 [member],ifrs-full_NoncurrentAssets,비유동자산,0,201021092000000,0,177558768000000,155865878000000,KRW
138,20221231,1301110006246,2022,FS_ifrs-full_SeparateMember,별도재무제표 [member],ifrs-full_NoncurrentLiabilities,비유동부채,0,4581512000000,0,4851149000000,1934799000000,KRW
139,20221231,1301110006246,2022,FS_ifrs-full_SeparateMember,별도재무제표 [member],ifrs-full_RetainedEarnings,이익잉여금(결손금),0,204388016000000,0,188774335000000,178284102000000,KRW
140,20231231,1301110006246,2023,FS_ifrs-full_ConsolidatedMember,연결재무제표 [member],ifrs-full_Assets,자산총계,0,455905980000000,0,448424507000000,426621158000000,KRW
141,20231231,1301110006246,2023,FS_ifrs-full_ConsolidatedMember,연결재무제표 [member],ifrs-full_CurrentAssets,유동자산,0,195936557000000,0,218470581000000,218163185000000,KRW
142,20231231,1301110006246,2023,FS_ifrs-full_ConsolidatedMember,연결재무제표 [member],ifrs-full_CurrentLiabilities,유동부채,0,75719452000000,0,78344852000000,88117133000000,KRW
143,20231231,1301110006246,2023,FS_ifrs-full_ConsolidatedMember,연결재무제표 [member],ifrs-full_IssuedCapital,자본금,0,897514000000,0,897514000000,897514000000,KRW
144,20231231,1301110006246,2023,FS_ifrs-full_ConsolidatedMember,연결재무제표 [member],ifrs-full_Liabilities,부채총계,0,92228115000000,0,93674903000000,121721227000000,KRW
145,20231231,1301110006246,2023,FS_ifrs-full_ConsolidatedMember,연결재무제표 [member],ifrs-full_NoncurrentAssets,비유동자산,0,259969423000000,0,229953926000000,208457973000000,KRW
146,20231231,1301110006246,2023,FS_ifrs-full_ConsolidatedMember,연결재무제표 [member],ifrs-full_NoncurrentLiabilities,비유동부채,0,16508663000000,0,15330051000000,33604094000000,KRW
147,20231231,1301110006246,2023,FS_ifrs-full_ConsolidatedMember,연결재무제표 [member],ifrs-full_RetainedEarnings,이익잉여금,0,346652238000000,0,337946407000000,293064763000000,KRW
148,20231231,1301110006246,2023,FS_ifrs-full_SeparateMember,별도재무제표 [member],ifrs-full_Assets,자산총계,0,296857289000000,0,260083750000000,251112184000000,KRW
149,20231231,1301110006246,2023,FS_ifrs-full_SeparateMember,별도재무제표 [member],ifrs-full_CurrentAssets,유동자산,0,68548442000000,0,59062658000000,73553416000000,KRW
150,20231231,1301110006246,2023,FS_ifrs-full_SeparateMember,별도재무제표 [member],ifrs-full_CurrentLiabilities,유동부채,0,41775101000000,0,46086047000000,53067303000000,KRW
151,20231231,1301110006246,2023,FS_ifrs-full_SeparateMember,별도재무제표 [member],ifrs-full_IssuedCapital,자본금,0,897514000000,0,897514000000,897514000000,KRW
152,20231231,1301110006246,2023,FS_ifrs-full_SeparateMember,별도재무제표 [member],ifrs-full_Liabilities,부채총계,0,72069515000000,0,50667559000000,57918452000000,KRW
153,20231231,1301110006246,2023,FS_ifrs-full_SeparateMember,별도재무제표 [member],ifrs-full_NoncurrentAssets,비유동자산,0,228308847000000,0,201021092000000,177558768000000,KRW
154,20231231,1301110006246,2023,FS_ifrs-full_SeparateMember,별도재무제표 [member],ifrs-full_NoncurrentLiabilities,비유동부채,0,30294414000000,0,4581512000000,4851149000000,KRW
155,20231231,1301110006246,2023,FS_ifrs-full_SeparateMember,별도재무제표 [member],ifrs-full_RetainedEarnings,이익잉여금,0,219963351000000,0,204388016000000,188774335000000,KRW
156,20241231,1301110006246,2024,FS_ifrs-full_ConsolidatedMember,연결재무제표 [member],ifrs-full_Assets,자산총계,0,514531948000000,0,455905980000000,448424507000000,KRW
157,20241231,1301110006246,2024,FS_ifrs-full_ConsolidatedMember,연결재무제표 [member],ifrs-full_CurrentAssets,유동자산,0,227062266000000,0,195936557000000,218470581000000,KRW
158,20241231,1301110006246,2024,FS_ifrs-full_ConsolidatedMember,연결재무제표 [member],ifrs-full_CurrentLiabilities,유동부채,0,93326299000000,0,75719452000000,78344852000000,KRW
159,20241231,1301110006246,2024,FS_ifrs-full_ConsolidatedMember,연결재무제표 [member],ifrs-full_IssuedCapital,자본금,0,897514000000,0,897514000000,897514000000,KRW
160,20241231,1301110006246,2024,FS_ifrs-full_ConsolidatedMember,연결재무제표 [member],ifrs-full_Liabilities,부채총계,0,112339878000000,0,92228115000000,93674903000000,KRW
161,20241231,1301110006246,2024,FS_ifrs-full_ConsolidatedMember,연결재무제표 [member],ifrs-full_NoncurrentAssets,비유동자산,0,287469682000000,0,259969423000000,229953926000000,KRW
162,20241231,1301110006246,2024,FS_ifrs-full_ConsolidatedMember,연결재무제표 [member],ifrs-full_NoncurrentLiabilities,비유동부채,0,19013579000000,0,16508663000000,15330051000000,KRW
163,20241231,1301110006246,2024,FS_ifrs-full_ConsolidatedMember,연결재무제표 [member],ifrs-full_RetainedEarnings,이익잉여금,0,370513188000000,0,346652238000000,337946407000000,KRW
164,20241231,1301110006246,2024,FS_ifrs-full_SeparateMember,별도재무제표 [member],ifrs-full_Assets,자산총계,0,324966127000000,0,296857289000000,260083750000000,KRW
165,20241231,1301110006246,2024,FS_ifrs-full_SeparateMember,별도재무제표 [member],ifrs-full_CurrentAssets,유동자산,0,82320322000000,0,68548442000000,59062658000000,KRW
166,20241231,1301110006246,2024,FS_ifrs-full_SeparateMember,별도재무제표 [member],ifrs-full_CurrentLiabilities,유동부채,0,80157976000000,0,41775101000000,46086047000000,KRW
167,20241231,1301110006246,2024,FS_ifrs-full_SeparateMember,별도재무제표 [member],ifrs-full_IssuedCapital,자본금,0,897514000000,0,897514000000,897514000000,KRW
168,20241231,1301110006246,2024,FS_ifrs-full_SeparateMember,별도재무제표 [member],ifrs-full_Liabilities,부채총계,0,88569470000000,0,72069515000000,50667559000000,KRW
169,20241231,1301110006246,2024,FS_ifrs-full_SeparateMember,별도재무제표 [member],ifrs-full_NoncurrentAssets,비유동자산,0,242645805000000,0,228308847000000,201021092000000,KRW
170,20241231,1301110006246,2024,FS_ifrs-full_SeparateMember,별도재무제표 [member],ifrs-full_NoncurrentLiabilities,비유동부채,0,8411494000000,0,30294414000000,4581512000000,KRW
171,20241231,1301110006246,2024,FS_ifrs-full_SeparateMember,별도재무제표 [member],ifrs-full_RetainedEarnings,이익잉여금,0,233734316000000,0,219963351000000,204388016000000,KRW
